"","mean","var","median","0.05th","0.25th","0.75th","0.95th"
"1",0.095879,4.8e-05,0.095851,0.08445,0.091334,0.100303,0.107384
"2",0.089941,3.3e-05,0.089982,0.081036,0.085702,0.093721,0.099693
"3",0.08034,6.7e-05,0.079288,0.069436,0.075373,0.083537,0.09737
"4",0.078492,3.9e-05,0.078541,0.068948,0.074171,0.082833,0.088565
"5",0.082383,5.6e-05,0.081676,0.071562,0.077233,0.086733,0.096973
"6",0.080663,4.3e-05,0.080893,0.069467,0.076122,0.08544,0.090923
"7",0.095002,5e-05,0.095129,0.083289,0.090289,0.09964,0.106488
"8",0.106326,5.6e-05,0.106402,0.094316,0.101299,0.111311,0.118131
"9",0.09255,6.3e-05,0.092914,0.079482,0.086845,0.097997,0.10557
"10",0.09236,4.7e-05,0.092288,0.081886,0.087518,0.097139,0.103095
"11",0.089634,4.6e-05,0.089759,0.078675,0.084877,0.094366,0.100467
"12",0.098652,4.9e-05,0.098512,0.086905,0.093977,0.103401,0.110135
"13",0.107535,7e-05,0.107837,0.094283,0.102267,0.112499,0.121479
"14",0.084996,4.4e-05,0.084944,0.074656,0.080648,0.088778,0.095849
"15",0.095289,3.4e-05,0.095366,0.0855,0.091521,0.098968,0.104554
"16",0.085482,4.1e-05,0.085576,0.075478,0.081117,0.089554,0.096189
"17",0.095549,3.5e-05,0.095241,0.086554,0.091562,0.099222,0.106043
"18",0.093712,5e-05,0.093671,0.08228,0.089232,0.098497,0.10568
"19",0.090549,5.4e-05,0.089958,0.080026,0.085566,0.094571,0.103923
"20",0.091921,3.6e-05,0.092,0.081889,0.087646,0.096292,0.101275
"21",0.09027,7.8e-05,0.089498,0.077861,0.084261,0.095161,0.106242
"22",0.092191,4.2e-05,0.092143,0.081167,0.087923,0.096379,0.102597
"23",0.087011,3.6e-05,0.087105,0.07692,0.083248,0.091205,0.096595
"24",0.095901,4.4e-05,0.095622,0.085749,0.091411,0.099714,0.106951
"25",0.110504,5e-05,0.110591,0.099385,0.105596,0.115345,0.121605
"26",0.095202,4.6e-05,0.095063,0.083434,0.090637,0.09963,0.106416
"27",0.08482,3.7e-05,0.084882,0.074567,0.080822,0.088614,0.0941
"28",0.082725,3.5e-05,0.082636,0.072869,0.078667,0.086805,0.092186
"29",0.082954,3.3e-05,0.082719,0.074193,0.07923,0.086615,0.09272
"30",0.094358,3.5e-05,0.094311,0.084431,0.090601,0.098034,0.104429
"31",0.084481,4.4e-05,0.084395,0.073831,0.079936,0.088471,0.095939
"32",0.105725,6.5e-05,0.105584,0.092271,0.100137,0.110936,0.119619
"33",0.094395,4.5e-05,0.094211,0.083777,0.089757,0.098634,0.10566
"34",0.089499,4.4e-05,0.089286,0.079254,0.084927,0.094221,0.100631
"35",0.091492,3.8e-05,0.091613,0.081128,0.0874,0.095685,0.101731
"36",0.093913,4.4e-05,0.093919,0.082793,0.089516,0.098016,0.105339
"37",0.07852,3.7e-05,0.078432,0.068457,0.074553,0.082157,0.088693
"38",0.096492,5.6e-05,0.096609,0.084549,0.09106,0.100935,0.110459
"39",0.091841,3.9e-05,0.09222,0.081547,0.087923,0.095632,0.101424
"40",0.090403,5.2e-05,0.090477,0.079207,0.085488,0.095335,0.101824
"41",0.078499,3.7e-05,0.078322,0.06926,0.074284,0.081899,0.088983
"42",0.084614,4.6e-05,0.08453,0.073916,0.08014,0.088684,0.095498
"43",0.088241,3.8e-05,0.087778,0.078337,0.084389,0.09217,0.099436
"44",0.080055,3.7e-05,0.080048,0.070365,0.075958,0.084392,0.089755
"45",0.091644,3.7e-05,0.091655,0.081351,0.087705,0.095725,0.101237
"46",0.094674,4.4e-05,0.094638,0.084119,0.090146,0.098695,0.105926
"47",0.087987,3.5e-05,0.088234,0.078355,0.084128,0.091748,0.097595
"48",0.096466,4.8e-05,0.096817,0.084659,0.091621,0.101356,0.107231
"49",0.116926,6.8e-05,0.116288,0.1035,0.111377,0.122413,0.130382
"50",0.088851,4.2e-05,0.088471,0.078435,0.084453,0.092924,0.099677
"51",0.075791,2.7e-05,0.075409,0.067587,0.072405,0.078947,0.084533
"52",0.08948,6.7e-05,0.088892,0.077745,0.084175,0.093806,0.104858
"53",0.082791,3.8e-05,0.082634,0.0727,0.07873,0.086558,0.092657
"54",0.113458,5.4e-05,0.112842,0.102082,0.108656,0.117823,0.125954
"55",0.094524,4.5e-05,0.094666,0.083661,0.09004,0.099174,0.105384
"56",0.089735,6.9e-05,0.08864,0.078291,0.084722,0.09435,0.104205
"57",0.076435,3.4e-05,0.075969,0.067318,0.072728,0.080561,0.086598
"58",0.097793,5.7e-05,0.098114,0.08528,0.09302,0.102695,0.10956
"59",0.085032,3.6e-05,0.084989,0.075579,0.081163,0.08877,0.094479
"60",0.092773,5.5e-05,0.092539,0.081043,0.08755,0.097269,0.105184
"61",0.091358,5.5e-05,0.091249,0.07911,0.086607,0.09609,0.104051
"62",0.084548,4.7e-05,0.084335,0.074014,0.079987,0.088935,0.09598
"63",0.099975,5.4e-05,0.099809,0.088411,0.095012,0.104924,0.112674
"64",0.112815,7.6e-05,0.112607,0.098486,0.106976,0.117993,0.127585
"65",0.10374,5.9e-05,0.103653,0.090968,0.098433,0.108734,0.116663
"66",0.085805,4e-05,0.085974,0.075294,0.081556,0.090356,0.095974
"67",0.089563,4.3e-05,0.089074,0.079651,0.085438,0.093663,0.100259
"68",0.092184,4.5e-05,0.092155,0.081229,0.087878,0.096599,0.10337
"69",0.087145,3.2e-05,0.087168,0.077674,0.08325,0.091055,0.096546
"70",0.097203,6.8e-05,0.097035,0.083697,0.092131,0.102657,0.110806
"71",0.098068,4.1e-05,0.098045,0.088466,0.093646,0.10205,0.108253
"72",0.091789,3.5e-05,0.091688,0.082048,0.087912,0.095592,0.101685
"73",0.09981,7.5e-05,0.098838,0.086782,0.094009,0.105301,0.115128
"74",0.092769,3.2e-05,0.092777,0.083505,0.088889,0.096633,0.101862
"75",0.105952,6e-05,0.106091,0.093883,0.100678,0.110611,0.118201
"76",0.093257,5.9e-05,0.093249,0.080677,0.087811,0.098328,0.105677
"77",0.081914,4.1e-05,0.081594,0.071549,0.07756,0.086125,0.092152
"78",0.094952,5.5e-05,0.095065,0.083341,0.089751,0.100133,0.106917
"79",0.101813,4.7e-05,0.101928,0.090779,0.096916,0.106542,0.112258
"80",0.096038,3.9e-05,0.096058,0.086262,0.091749,0.100204,0.106127
"81",0.094806,4.7e-05,0.094667,0.083572,0.090421,0.099329,0.106006
"82",0.092085,3.9e-05,0.092026,0.082691,0.087439,0.096171,0.102502
"83",0.08302,4e-05,0.083218,0.072015,0.078973,0.087215,0.092796
"84",0.083976,4e-05,0.083614,0.074474,0.079662,0.088096,0.094547
"85",0.125917,0.000185,0.120547,0.111591,0.116866,0.133357,0.152325
"86",0.086633,4.5e-05,0.087026,0.075515,0.081697,0.091113,0.097454
"87",0.107844,4.6e-05,0.10802,0.096741,0.103435,0.112108,0.118731
"88",0.105538,5.7e-05,0.105212,0.093665,0.100486,0.110381,0.11777
"89",0.08426,4.4e-05,0.084382,0.073265,0.080097,0.088627,0.094524
"90",0.096762,3e-05,0.096833,0.088372,0.093131,0.09993,0.105692
"91",0.075159,3.3e-05,0.075071,0.066531,0.070947,0.07883,0.085044
"92",0.090846,3.5e-05,0.091,0.080938,0.087122,0.094727,0.100626
"93",0.091137,3.9e-05,0.090877,0.081015,0.086801,0.09575,0.101243
"94",0.093547,3.9e-05,0.093463,0.083275,0.089086,0.097832,0.103756
"95",0.095136,5.3e-05,0.09516,0.083949,0.090003,0.09976,0.107804
"96",0.089902,4.7e-05,0.090007,0.078721,0.085369,0.094708,0.100919
"97",0.084198,4.2e-05,0.084067,0.074157,0.079967,0.088169,0.095449
"98",0.094461,4.1e-05,0.093934,0.084139,0.090469,0.098528,0.105629
"99",0.087701,4.5e-05,0.087818,0.076084,0.083416,0.092062,0.098165
"100",0.093588,3.7e-05,0.09335,0.083803,0.089949,0.097234,0.103257
